condition,policy,roc_auc,pr_auc,balanced_accuracy,f1,fpr,fnr,cost_per_image,fp,fn,n
clean,Phase1-frozen,1.0,1.0,0.9666666666666667,0.9995090819833087,0.06666666666666667,0.0,0.000968054211035818,3,0,3099
clean,Phase1-recalibrated,1.0,1.0,0.9666666666666667,0.9995090819833087,0.06666666666666667,0.0,0.000968054211035818,3,0,3099
clean,Phase2-frozen,1.0,1.0,0.9666666666666667,0.9995090819833087,0.06666666666666667,0.0,0.000968054211035818,3,0,3099
clean,Phase2-recalibrated,1.0,1.0,0.9666666666666667,0.9995090819833087,0.06666666666666667,0.0,0.000968054211035818,3,0,3099
brightness+0.10,Phase1-frozen,0.38108855417303356,0.9842530335077719,0.5,0.9926864943929791,1.0,0.0,0.01452081316553727,45,0,3099
brightness+0.10,Phase1-recalibrated,0.38108855417303356,0.9842530335077719,0.538681510587208,0.21703617269544923,0.044444444444444446,0.8781925343811395,8.655050016134236,2,2682,3099
brightness+0.10,Phase2-frozen,0.5798297314996725,0.9908588738029017,0.5,0.9926864943929791,1.0,0.0,0.01452081316553727,45,0,3099
brightness+0.10,Phase2-recalibrated,0.5798297314996725,0.9908588738029017,0.5704213053918359,0.28032648466085003,0.022222222222222223,0.8369351669941061,8.248144562762182,1,2556,3099
brightness-0.10,Phase1-frozen,1.0,1.0,0.8888888888888888,0.998365478914678,0.2222222222222222,0.0,0.003226847370119393,10,0,3099
brightness-0.10,Phase1-recalibrated,1.0,1.0,0.9777777777777779,0.9996726677577742,0.044444444444444446,0.0,0.0006453694740238787,2,0,3099
brightness-0.10,Phase2-frozen,1.0,1.0,0.9666666666666667,0.9995090819833087,0.06666666666666667,0.0,0.000968054211035818,3,0,3099
brightness-0.10,Phase2-recalibrated,1.0,1.0,0.9998362802881466,0.9998362534796136,0.0,0.0003274394237066143,0.003226847370119393,0,1,3099
contrast0.70,Phase1-frozen,1.0,1.0,0.8924361493123771,0.879471656576775,0.0,0.2151277013752456,2.1200387221684416,0,657,3099
contrast0.70,Phase1-recalibrated,1.0,1.0,0.9666666666666667,0.9995090819833087,0.06666666666666667,0.0,0.000968054211035818,3,0,3099
contrast0.70,Phase2-frozen,1.0,1.0,0.7282252783235101,0.6267985611510791,0.0,0.5435494433529797,5.356566634398193,0,1660,3099
contrast0.70,Phase2-recalibrated,1.0,1.0,0.9666666666666667,0.9995090819833087,0.06666666666666667,0.0,0.000968054211035818,3,0,3099
gamma1.50,Phase1-frozen,0.9994106090373281,0.9999912292593083,0.5,0.9926864943929791,1.0,0.0,0.01452081316553727,45,0,3099
gamma1.50,Phase1-recalibrated,0.9994106090373281,0.9999912292593083,0.9810303427199301,0.991915525490843,0.022222222222222223,0.015717092337917484,0.1552113585027428,1,48,3099
gamma1.50,Phase2-frozen,1.0,1.0,0.5333333333333333,0.9931707317073171,0.9333333333333333,0.0,0.013552758954501452,42,0,3099
gamma1.50,Phase2-recalibrated,1.0,1.0,0.7203667321545514,0.6118181818181818,0.0,0.5592665356908972,5.5114553081639235,0,1708,3099
noise0.02,Phase1-frozen,0.9999781707050862,0.9999996786659238,0.5,0.9926864943929791,1.0,0.0,0.01452081316553727,45,0,3099
noise0.02,Phase1-recalibrated,0.9999781707050862,0.9999996786659238,0.9998362802881466,0.9998362534796136,0.0,0.0003274394237066143,0.003226847370119393,0,1,3099
noise0.02,Phase2-frozen,0.9999781707050862,0.9999996786659238,0.5,0.9926864943929791,1.0,0.0,0.01452081316553727,45,0,3099
noise0.02,Phase2-recalibrated,0.9999781707050862,0.9999996786659238,0.9998362802881466,0.9998362534796136,0.0,0.0003274394237066143,0.003226847370119393,0,1,3099
noise0.05,Phase1-frozen,0.9999563414101724,0.9999993573317099,0.5,0.9926864943929791,1.0,0.0,0.01452081316553727,45,0,3099
noise0.05,Phase1-recalibrated,0.9999563414101724,0.9999993573317099,0.9986902423051736,0.998688524590164,0.0,0.0026195153896529143,0.025814778960955145,0,8,3099
noise0.05,Phase2-frozen,0.9999708942734483,0.9999995714493475,0.5,0.9926864943929791,1.0,0.0,0.01452081316553727,45,0,3099
noise0.05,Phase2-recalibrated,0.9999708942734483,0.9999995714493475,0.997871643745907,0.9978671041837572,0.0,0.004256712508185986,0.041949015811552116,0,13,3099
blur1.0,Phase1-frozen,1.0,1.0,0.9996725605762934,0.9996724533245988,0.0,0.0006548788474132286,0.006453694740238786,0,2,3099
blur1.0,Phase1-recalibrated,1.0,1.0,0.9777777777777779,0.9996726677577742,0.044444444444444446,0.0,0.0006453694740238787,2,0,3099
blur1.0,Phase2-frozen,1.0,1.0,0.9965618860510805,0.9965500246426812,0.0,0.0068762278978389,0.06776379477250725,0,21,3099
blur1.0,Phase2-recalibrated,1.0,1.0,0.9777777777777779,0.9996726677577742,0.044444444444444446,0.0,0.0006453694740238787,2,0,3099
blur2.0,Phase1-frozen,0.9999199592519828,0.9999988213189049,0.9774503383540711,0.9993451211525868,0.044444444444444446,0.0006548788474132286,0.007099064214262665,2,2,3099
blur2.0,Phase1-recalibrated,0.9999199592519828,0.9999988213189049,0.9665029469548134,0.9993453355155483,0.06666666666666667,0.0003274394237066143,0.004194901581155212,3,1,3099
blur2.0,Phase2-frozen,0.9999636178418104,0.9999994643029622,0.9831368696791094,0.9828476269775187,0.0,0.03372626064178127,0.3323652791222975,0,103,3099
blur2.0,Phase2-recalibrated,0.9999636178418104,0.9999994643029622,0.9776140580659245,0.9995089212637093,0.044444444444444446,0.0003274394237066143,0.003872216844143272,2,1,3099
